{
    "spell_texts": {
        "gain_texts": [
          {
            "text": "Woowee {house} gained {points} points!",
            "author": "Bot Creator"
          }
        ],
        "lose_texts": [
          {
            "text": "Woowee {house} lost {points} points!",
            "author": "Bot Creator"
          }
        ]
    },
    "steal_texts": {
        "gain_texts": [
          {
            "text": "You stole {points} points from {house}!",
            "author": "Bot Creator"
          }
        ],
        "lose_texts": [
          {
            "text": "You gave {points} points to {house}!",
            "author": "Bot Creator"
          }
        ]
    },
    "beg_texts": {
        "gain_texts": [
          {
            "text": "You begged and {house} gained {points} points!",
            "author": "Bot Creator"
          }
        ],
        "big_gain_texts": [
          {
            "text": "You begged and got a lot of points!\n{house} gained {points} points!",
            "author": "Bot Creator"
          }
        ]
    },
    "all_phrases": [
      "Woowee {house} gained {points} points!",
      "Woowee {house} lost {points} points!",
      "You stole {points} points from {house}!",
      "You gave {points} points to {house}!",
      "You begged and {house} gained {points} points!",
      "You begged and got a lot of points!\n{house} gained {points} points!"
    ]
}
